{
    "type": "video",
    "id": 1,
    "timescale": 1000,
    "duration": 0,
    "codecWidth": 1280,
    "codecHeight": 720,
    "presentWidth": 1280,
    "presentHeight": 720,
    "profile": "High",
    "level": "3.1",
    "bitDepth": 8,
    "chromaFormat": 420,
    "sarRatio": {
        "width": 1,
        "height": 1
    },
    "frameRate": {
        "fixed": true,
        "fps": 23.976,
        "fps_num": 23976,
        "fps_den": 1000
    },
    "refSampleDuration": 41.70837504170837,
    "codec": "avc1.64001f",
    "avcc": {
        "0": 1,
        "1": 100,
        "2": 0,
        "3": 30,
        "4": 255,
        "5": 1,
        "6": 0,
        "7": 16,
        "8": 103,
        "9": 100,
        "10": 0,
        "11": 31,
        "12": 172,
        "13": 44,
        "14": 106,
        "15": 129,
        "16": 64,
        "17": 22,
        "18": 233,
        "19": 184,
        "20": 8,
        "21": 8,
        "22": 8,
        "23": 16,
        "24": 1,
        "25": 0,
        "26": 4,
        "27": 104,
        "28": 238,
        "29": 60,
        "30": 176
    }
}
